split,stem,img_w,img_h,img_mode,msk_w,msk_h,msk_mode,msk_unique,px_background,pct_background,px_cat,pct_cat,px_dog,pct_dog
train,000000016206_4014,256,256,RGB,256,256,L,"(0, 2)",63783,0.9732513427734375,0,0.0,1753,0.0267486572265625
train,000000016823_4560,256,256,RGB,256,256,L,"(0, 1)",59766,0.911956787109375,5770,0.088043212890625,0,0.0
train,000000022129_2200,256,256,RGB,256,256,L,"(0, 1)",58297,0.8895416259765625,7239,0.1104583740234375,0,0.0
train,000000023511_6910,256,256,RGB,256,256,L,"(0, 1)",58321,0.8899078369140625,7215,0.1100921630859375,0,0.0
train,000000023731_404,256,256,RGB,256,256,L,"(0, 1)",64345,0.9818267822265625,1191,0.0181732177734375,0,0.0
train,000000024497_3808,256,256,RGB,256,256,L,"(0, 1)",60234,0.919097900390625,5302,0.080902099609375,0,0.0
train,000000025123_1462,256,256,RGB,256,256,L,"(0, 1)",55031,0.8397064208984375,10505,0.1602935791015625,0,0.0
train,000000026730_391,256,256,RGB,256,256,L,"(0, 2)",54696,0.8345947265625,0,0.0,10840,0.1654052734375
train,000000028253_7169,256,256,RGB,256,256,L,"(0, 2)",65519,0.9997406005859375,0,0.0,17,0.0002593994140625
train,000000030752_6513,256,256,RGB,256,256,L,"(0, 2)",60418,0.921905517578125,0,0.0,5118,0.078094482421875
train,000000031865_4082,256,256,RGB,256,256,L,"(0, 1)",49994,0.762847900390625,15542,0.237152099609375,0,0.0
train,000000034825_4369,256,256,RGB,256,256,L,"(0, 1)",60277,0.9197540283203125,5259,0.0802459716796875,0,0.0
train,000000036962_1585,256,256,RGB,256,256,L,"(0, 1)",52246,0.797210693359375,13290,0.202789306640625,0,0.0
train,000000037477_5033,256,256,RGB,256,256,L,"(0, 1)",57955,0.8843231201171875,7581,0.1156768798828125,0,0.0
train,000000040466_5639,256,256,RGB,256,256,L,"(0, 2)",59760,0.911865234375,0,0.0,5776,0.088134765625
train,000000042956_1334,256,256,RGB,256,256,L,"(0, 1)",55551,0.8476409912109375,9985,0.1523590087890625,0,0.0
train,000000045040_1484,256,256,RGB,256,256,L,"(0, 2)",64090,0.977935791015625,0,0.0,1446,0.022064208984375
train,000000045587_1711,256,256,RGB,256,256,L,"(0, 2)",64178,0.979278564453125,0,0.0,1358,0.020721435546875
train,000000045771_4704,256,256,RGB,256,256,L,"(0, 1)",55205,0.8423614501953125,10331,0.1576385498046875,0,0.0
train,000000046230_7013,256,256,RGB,256,256,L,"(0, 2)",61774,0.942596435546875,0,0.0,3762,0.057403564453125
train,000000049758_3963,256,256,RGB,256,256,L,"(0, 1)",62748,0.95745849609375,2788,0.04254150390625,0,0.0
train,000000052846_6699,256,256,RGB,256,256,L,"(0, 1)",63747,0.9727020263671875,1789,0.0272979736328125,0,0.0
train,000000056701_125,256,256,RGB,256,256,L,"(0, 2)",59221,0.9036407470703125,0,0.0,6315,0.0963592529296875
train,000000056857_4445,256,256,RGB,256,256,L,"(0, 1)",57326,0.874725341796875,8210,0.125274658203125,0,0.0
train,000000064899_2835,256,256,RGB,256,256,L,"(0, 2)",63038,0.961883544921875,0,0.0,2498,0.038116455078125
train,000000066011_2187,256,256,RGB,256,256,L,"(0, 1)",51197,0.7812042236328125,14339,0.2187957763671875,0,0.0
train,000000066041_3589,256,256,RGB,256,256,L,"(0, 1)",65030,0.992279052734375,506,0.007720947265625,0,0.0
train,000000067445_4881,256,256,RGB,256,256,L,"(0, 2)",63349,0.9666290283203125,0,0.0,2187,0.0333709716796875
train,000000069480_3325,256,256,RGB,256,256,L,"(0, 2)",54044,0.82464599609375,0,0.0,11492,0.17535400390625
train,000000070815_324,256,256,RGB,256,256,L,"(0, 2)",62526,0.954071044921875,0,0.0,3010,0.045928955078125
train,000000071313_4743,256,256,RGB,256,256,L,"(0, 2)",60564,0.92413330078125,0,0.0,4972,0.07586669921875
train,000000072902_3044,256,256,RGB,256,256,L,"(0, 2)",61632,0.9404296875,0,0.0,3904,0.0595703125
train,000000077325_4727,256,256,RGB,256,256,L,"(0, 2)",57169,0.8723297119140625,0,0.0,8367,0.1276702880859375
train,000000086215_209,256,256,RGB,256,256,L,"(0, 1)",61959,0.9454193115234375,3577,0.0545806884765625,0,0.0
train,000000095050_2721,256,256,RGB,256,256,L,"(0, 2)",53346,0.813995361328125,0,0.0,12190,0.186004638671875
train,000000095363_2465,256,256,RGB,256,256,L,"(0, 2)",54003,0.8240203857421875,0,0.0,11533,0.1759796142578125
train,000000097902_3578,256,256,RGB,256,256,L,"(0, 2)",59213,0.9035186767578125,0,0.0,6323,0.0964813232421875
train,000000098503_3189,256,256,RGB,256,256,L,"(0, 2)",58592,0.89404296875,0,0.0,6944,0.10595703125
train,000000103581_7300,256,256,RGB,256,256,L,"(0, 2)",63054,0.962127685546875,0,0.0,2482,0.037872314453125
train,000000103806_56,256,256,RGB,256,256,L,"(0, 1)",60481,0.9228668212890625,5055,0.0771331787109375,0,0.0
train,000000104421_1293,256,256,RGB,256,256,L,"(0, 2)",55797,0.8513946533203125,0,0.0,9739,0.1486053466796875
train,000000108599_3349,256,256,RGB,256,256,L,"(0, 2)",62729,0.9571685791015625,0,0.0,2807,0.0428314208984375
train,000000111195_5637,256,256,RGB,256,256,L,"(0, 2)",59342,0.905487060546875,0,0.0,6194,0.094512939453125
train,000000116048_5625,256,256,RGB,256,256,L,"(0, 2)",59228,0.90374755859375,0,0.0,6308,0.09625244140625
train,000000116503_5471,256,256,RGB,256,256,L,"(0, 1)",58001,0.8850250244140625,7535,0.1149749755859375,0,0.0
train,000000118680_4349,256,256,RGB,256,256,L,"(0, 1)",58194,0.887969970703125,7342,0.112030029296875,0,0.0
train,000000118960_5884,256,256,RGB,256,256,L,"(0, 1)",64678,0.986907958984375,858,0.013092041015625,0,0.0
train,000000120466_2612,256,256,RGB,256,256,L,"(0, 2)",58237,0.8886260986328125,0,0.0,7299,0.1113739013671875
train,000000121530_5761,256,256,RGB,256,256,L,"(0, 1)",65450,0.998687744140625,86,0.001312255859375,0,0.0
train,000000122953_85,256,256,RGB,256,256,L,"(0, 1)",53571,0.8174285888671875,11965,0.1825714111328125,0,0.0
train,000000123916_5831,256,256,RGB,256,256,L,"(0, 1)",56444,0.86126708984375,9092,0.13873291015625,0,0.0
train,000000138186_7149,256,256,RGB,256,256,L,"(0, 1)",54831,0.8366546630859375,10705,0.1633453369140625,0,0.0
train,000000141800_5633,256,256,RGB,256,256,L,"(0, 1)",61257,0.9347076416015625,4279,0.0652923583984375,0,0.0
train,000000148827_6207,256,256,RGB,256,256,L,"(0, 1)",63491,0.9687957763671875,2045,0.0312042236328125,0,0.0
train,000000149184_281,256,256,RGB,256,256,L,"(0, 1)",64849,0.9895172119140625,687,0.0104827880859375,0,0.0
train,000000149442_7562,256,256,RGB,256,256,L,"(0, 2)",64712,0.9874267578125,0,0.0,824,0.0125732421875
train,000000152588_3243,256,256,RGB,256,256,L,"(0, 2)",56822,0.867034912109375,0,0.0,8714,0.132965087890625
train,000000156506_5493,256,256,RGB,256,256,L,"(0, 1)",61684,0.94122314453125,3852,0.05877685546875,0,0.0
train,000000159069_6996,256,256,RGB,256,256,L,"(0, 2)",62279,0.9503021240234375,0,0.0,3257,0.0496978759765625
train,000000168146_1385,256,256,RGB,256,256,L,"(0, 1)",53541,0.8169708251953125,11995,0.1830291748046875,0,0.0
train,000000168852_6892,256,256,RGB,256,256,L,"(0, 2)",59000,0.9002685546875,0,0.0,6536,0.0997314453125
train,000000171239_5013,256,256,RGB,256,256,L,"(0, 1)",60408,0.9217529296875,5128,0.0782470703125,0,0.0
train,000000171753_498,256,256,RGB,256,256,L,"(0, 1)",53320,0.8135986328125,12216,0.1864013671875,0,0.0
train,000000177258_1143,256,256,RGB,256,256,L,"(0, 1)",60394,0.921539306640625,5142,0.078460693359375,0,0.0
train,000000177413_4194,256,256,RGB,256,256,L,"(0, 1)",58140,0.88714599609375,7396,0.11285400390625,0,0.0
train,000000180672_4127,256,256,RGB,256,256,L,"(0, 1)",60460,0.92254638671875,5076,0.07745361328125,0,0.0
train,000000182758_3388,256,256,RGB,256,256,L,"(0, 1)",59888,0.913818359375,5648,0.086181640625,0,0.0
train,000000185004_4662,256,256,RGB,256,256,L,"(0, 2)",65142,0.993988037109375,0,0.0,394,0.006011962890625
train,000000185394_6356,256,256,RGB,256,256,L,"(0, 2)",61742,0.942108154296875,0,0.0,3794,0.057891845703125
train,000000189069_4283,256,256,RGB,256,256,L,"(0, 1)",62031,0.9465179443359375,3505,0.0534820556640625,0,0.0
train,000000190326_970,256,256,RGB,256,256,L,"(0, 1)",51630,0.787811279296875,13906,0.212188720703125,0,0.0
train,000000191193_3979,256,256,RGB,256,256,L,"(0, 2)",62689,0.9565582275390625,0,0.0,2847,0.0434417724609375
train,000000195449_6211,256,256,RGB,256,256,L,"(0, 2)",56269,0.8585968017578125,0,0.0,9267,0.1414031982421875
train,000000196371_1614,256,256,RGB,256,256,L,"(0, 1)",62432,0.95263671875,3104,0.04736328125,0,0.0
train,000000198518_1669,256,256,RGB,256,256,L,"(0, 2)",62192,0.948974609375,0,0.0,3344,0.051025390625
train,000000198836_3389,256,256,RGB,256,256,L,"(0, 1)",52882,0.806915283203125,12654,0.193084716796875,0,0.0
train,000000204612_4323,256,256,RGB,256,256,L,"(0, 1)",62716,0.95697021484375,2820,0.04302978515625,0,0.0
train,000000208910_3663,256,256,RGB,256,256,L,"(0, 2)",61252,0.93463134765625,0,0.0,4284,0.06536865234375
train,000000215618_2686,256,256,RGB,256,256,L,"(0, 2)",62729,0.9571685791015625,0,0.0,2807,0.0428314208984375
train,000000216665_5491,256,256,RGB,256,256,L,"(0, 1)",62924,0.96014404296875,2612,0.03985595703125,0,0.0
train,000000219194_7547,256,256,RGB,256,256,L,"(0, 1)",59099,0.9017791748046875,6437,0.0982208251953125,0,0.0
train,000000223640_3774,256,256,RGB,256,256,L,"(0, 1)",61331,0.9358367919921875,4205,0.0641632080078125,0,0.0
train,000000224567_1722,256,256,RGB,256,256,L,"(0, 2)",63245,0.9650421142578125,0,0.0,2291,0.0349578857421875
train,000000224869_5278,256,256,RGB,256,256,L,"(0, 2)",62278,0.950286865234375,0,0.0,3258,0.049713134765625
train,000000229419_3328,256,256,RGB,256,256,L,"(0, 2)",61613,0.9401397705078125,0,0.0,3923,0.0598602294921875
train,000000229631_480,256,256,RGB,256,256,L,"(0, 1)",48413,0.7387237548828125,17123,0.2612762451171875,0,0.0
train,000000230224_7333,256,256,RGB,256,256,L,"(0, 1)",59457,0.9072418212890625,6079,0.0927581787109375,0,0.0
train,000000234475_3677,256,256,RGB,256,256,L,"(0, 1)",52728,0.8045654296875,12808,0.1954345703125,0,0.0
train,000000240755_2689,256,256,RGB,256,256,L,"(0, 1)",51339,0.7833709716796875,14197,0.2166290283203125,0,0.0
train,000000246879_5659,256,256,RGB,256,256,L,"(0, 2)",64160,0.97900390625,0,0.0,1376,0.02099609375
train,000000247301_4455,256,256,RGB,256,256,L,"(0, 1)",65335,0.9969329833984375,201,0.0030670166015625,0,0.0
train,000000249952_401,256,256,RGB,256,256,L,"(0, 1)",54779,0.8358612060546875,10757,0.1641387939453125,0,0.0
train,000000254540_1122,256,256,RGB,256,256,L,"(0, 1)",64516,0.98443603515625,1020,0.01556396484375,0,0.0
train,000000258305_3996,256,256,RGB,256,256,L,"(0, 1)",61039,0.9313812255859375,4497,0.0686187744140625,0,0.0
train,000000264476_4135,256,256,RGB,256,256,L,"(0, 1)",52386,0.799346923828125,13150,0.200653076171875,0,0.0
train,000000268037_3690,256,256,RGB,256,256,L,"(0, 2)",59470,0.907440185546875,0,0.0,6066,0.092559814453125
train,000000275028_3168,256,256,RGB,256,256,L,"(0, 1)",64652,0.98651123046875,884,0.01348876953125,0,0.0
train,000000275919_4499,256,256,RGB,256,256,L,"(0, 1)",65420,0.99822998046875,116,0.00177001953125,0,0.0
train,000000276693_104,256,256,RGB,256,256,L,"(0, 2)",61235,0.9343719482421875,0,0.0,4301,0.0656280517578125
train,000000277688_5570,256,256,RGB,256,256,L,"(0, 2)",63139,0.9634246826171875,0,0.0,2397,0.0365753173828125
train,000000285257_4973,256,256,RGB,256,256,L,"(0, 1)",58497,0.8925933837890625,7039,0.1074066162109375,0,0.0
train,000000285699_2690,256,256,RGB,256,256,L,"(0, 1)",64124,0.97845458984375,1412,0.02154541015625,0,0.0
train,000000287341_6222,256,256,RGB,256,256,L,"(0, 2)",53994,0.823883056640625,0,0.0,11542,0.176116943359375
train,000000288776_84,256,256,RGB,256,256,L,"(0, 1)",60362,0.921051025390625,5174,0.078948974609375,0,0.0
train,000000289696_5375,256,256,RGB,256,256,L,"(0, 1)",57394,0.875762939453125,8142,0.124237060546875,0,0.0
train,000000294108_2480,256,256,RGB,256,256,L,"(0, 1)",59473,0.9074859619140625,6063,0.0925140380859375,0,0.0
train,000000296782_6379,256,256,RGB,256,256,L,"(0, 2)",63839,0.9741058349609375,0,0.0,1697,0.0258941650390625
train,000000301885_3179,256,256,RGB,256,256,L,"(0, 2)",64841,0.9893951416015625,0,0.0,695,0.0106048583984375
train,000000303706_1261,256,256,RGB,256,256,L,"(0, 1)",61258,0.934722900390625,4278,0.065277099609375,0,0.0
train,000000305100_2860,256,256,RGB,256,256,L,"(0, 2)",64639,0.9863128662109375,0,0.0,897,0.0136871337890625
train,000000307073_1489,256,256,RGB,256,256,L,"(0, 2)",64167,0.9791107177734375,0,0.0,1369,0.0208892822265625
train,000000308687_3712,256,256,RGB,256,256,L,"(0, 1)",62700,0.95672607421875,2836,0.04327392578125,0,0.0
train,000000310262_1601,256,256,RGB,256,256,L,"(0, 2)",63688,0.9718017578125,0,0.0,1848,0.0281982421875
train,000000312712_4537,256,256,RGB,256,256,L,"(0, 2)",48551,0.7408294677734375,0,0.0,16985,0.2591705322265625
train,000000317781_4461,256,256,RGB,256,256,L,"(0, 2)",49597,0.7567901611328125,0,0.0,15939,0.2432098388671875
train,000000320350_103,256,256,RGB,256,256,L,"(0, 2)",61677,0.9411163330078125,0,0.0,3859,0.0588836669921875
train,000000323133_3236,256,256,RGB,256,256,L,"(0, 1)",63824,0.973876953125,1712,0.026123046875,0,0.0
train,000000323466_5790,256,256,RGB,256,256,L,"(0, 2)",48900,0.74615478515625,0,0.0,16636,0.25384521484375
train,000000325298_2603,256,256,RGB,256,256,L,"(0, 1)",57880,0.8831787109375,7656,0.1168212890625,0,0.0
train,000000325768_1316,256,256,RGB,256,256,L,"(0, 1)",63251,0.9651336669921875,2285,0.0348663330078125,0,0.0
train,000000326073_4335,256,256,RGB,256,256,L,"(0, 1)",60974,0.930389404296875,4562,0.069610595703125,0,0.0
train,000000328760_6588,256,256,RGB,256,256,L,"(0, 2)",57818,0.882232666015625,0,0.0,7718,0.117767333984375
train,000000332025_182,256,256,RGB,256,256,L,"(0, 2)",62669,0.9562530517578125,0,0.0,2867,0.0437469482421875
train,000000332568_7319,256,256,RGB,256,256,L,"(0, 2)",57832,0.8824462890625,0,0.0,7704,0.1175537109375
train,000000332844_1987,256,256,RGB,256,256,L,"(0, 2)",60775,0.9273529052734375,0,0.0,4761,0.0726470947265625
train,000000334413_6888,256,256,RGB,256,256,L,"(0, 2)",59872,0.91357421875,0,0.0,5664,0.08642578125
train,000000335633_5425,256,256,RGB,256,256,L,"(0, 1)",60887,0.9290618896484375,4649,0.0709381103515625,0,0.0
train,000000336568_167,256,256,RGB,256,256,L,"(0, 2)",58945,0.8994293212890625,0,0.0,6591,0.1005706787109375
train,000000337044_1562,256,256,RGB,256,256,L,"(0, 2)",61564,0.93939208984375,0,0.0,3972,0.06060791015625
train,000000352399_7349,256,256,RGB,256,256,L,"(0, 1)",62689,0.9565582275390625,2847,0.0434417724609375,0,0.0
train,000000357470_5259,256,256,RGB,256,256,L,"(0, 1)",56103,0.8560638427734375,9433,0.1439361572265625,0,0.0
train,000000358222_4657,256,256,RGB,256,256,L,"(0, 2)",60056,0.9163818359375,0,0.0,5480,0.0836181640625
train,000000368371_5813,256,256,RGB,256,256,L,"(0, 1)",52546,0.801788330078125,12990,0.198211669921875,0,0.0
train,000000369817_2258,256,256,RGB,256,256,L,"(0, 1)",53942,0.823089599609375,11594,0.176910400390625,0,0.0
train,000000372709_3956,256,256,RGB,256,256,L,"(0, 1)",56872,0.8677978515625,8664,0.1322021484375,0,0.0
train,000000372902_7334,256,256,RGB,256,256,L,"(0, 1)",62160,0.948486328125,3376,0.051513671875,0,0.0
train,000000382737_1146,256,256,RGB,256,256,L,"(0, 1)",49432,0.7542724609375,16104,0.2457275390625,0,0.0
train,000000384308_235,256,256,RGB,256,256,L,"(0, 1)",64029,0.9770050048828125,1507,0.0229949951171875,0,0.0
train,000000389382_4124,256,256,RGB,256,256,L,"(0, 1)",62506,0.953765869140625,3030,0.046234130859375,0,0.0
train,000000390262_3700,256,256,RGB,256,256,L,"(0, 2)",57029,0.8701934814453125,0,0.0,8507,0.1298065185546875
train,000000397842_657,256,256,RGB,256,256,L,"(0, 2)",58453,0.8919219970703125,0,0.0,7083,0.1080780029296875
train,000000400134_3371,256,256,RGB,256,256,L,"(0, 2)",64092,0.97796630859375,0,0.0,1444,0.02203369140625
train,000000401299_5095,256,256,RGB,256,256,L,"(0, 2)",64486,0.983978271484375,0,0.0,1050,0.016021728515625
train,000000402626_2245,256,256,RGB,256,256,L,"(0, 2)",63571,0.9700164794921875,0,0.0,1965,0.0299835205078125
train,000000404163_7058,256,256,RGB,256,256,L,"(0, 2)",54936,0.8382568359375,0,0.0,10600,0.1617431640625
train,000000410056_600,256,256,RGB,256,256,L,"(0, 2)",64248,0.9803466796875,0,0.0,1288,0.0196533203125
train,000000414588_4257,256,256,RGB,256,256,L,"(0, 1)",58086,0.886322021484375,7450,0.113677978515625,0,0.0
train,000000419618_7033,256,256,RGB,256,256,L,"(0, 1)",63427,0.9678192138671875,2109,0.0321807861328125,0,0.0
train,000000423513_1954,256,256,RGB,256,256,L,"(0, 1)",59166,0.902801513671875,6370,0.097198486328125,0,0.0
train,000000427986_116,256,256,RGB,256,256,L,"(0, 2)",57359,0.8752288818359375,0,0.0,8177,0.1247711181640625
train,000000428746_3914,256,256,RGB,256,256,L,"(0, 2)",62697,0.9566802978515625,0,0.0,2839,0.0433197021484375
train,000000435698_3318,256,256,RGB,256,256,L,"(0, 1)",58873,0.8983306884765625,6663,0.1016693115234375,0,0.0
train,000000440067_1700,256,256,RGB,256,256,L,"(0, 1)",50245,0.7666778564453125,15291,0.2333221435546875,0,0.0
train,000000445859_2851,256,256,RGB,256,256,L,"(0, 2)",57139,0.8718719482421875,0,0.0,8397,0.1281280517578125
train,000000447375_2795,256,256,RGB,256,256,L,"(0, 2)",62650,0.955963134765625,0,0.0,2886,0.044036865234375
train,000000449560_1234,256,256,RGB,256,256,L,"(0, 2)",54455,0.8309173583984375,0,0.0,11081,0.1690826416015625
train,000000450160_4333,256,256,RGB,256,256,L,"(0, 2)",60241,0.9192047119140625,0,0.0,5295,0.0807952880859375
train,000000456176_3332,256,256,RGB,256,256,L,"(0, 2)",60489,0.9229888916015625,0,0.0,5047,0.0770111083984375
train,000000459111_4259,256,256,RGB,256,256,L,"(0, 2)",60660,0.92559814453125,0,0.0,4876,0.07440185546875
train,000000467978_731,256,256,RGB,256,256,L,"(0, 2)",57239,0.8733978271484375,0,0.0,8297,0.1266021728515625
train,000000468162_273,256,256,RGB,256,256,L,"(0, 2)",63463,0.9683685302734375,0,0.0,2073,0.0316314697265625
train,000000468742_7558,256,256,RGB,256,256,L,"(0, 1)",60304,0.920166015625,5232,0.079833984375,0,0.0
train,000000474434_3544,256,256,RGB,256,256,L,"(0, 1)",55525,0.8472442626953125,10011,0.1527557373046875,0,0.0
train,000000475317_6323,256,256,RGB,256,256,L,"(0, 1)",57570,0.878448486328125,7966,0.121551513671875,0,0.0
train,000000476468_3727,256,256,RGB,256,256,L,"(0, 2)",61659,0.9408416748046875,0,0.0,3877,0.0591583251953125
train,000000477647_5556,256,256,RGB,256,256,L,"(0, 1)",60124,0.91741943359375,5412,0.08258056640625,0,0.0
train,000000478351_2868,256,256,RGB,256,256,L,"(0, 2)",60926,0.929656982421875,0,0.0,4610,0.070343017578125
train,000000479621_2960,256,256,RGB,256,256,L,"(0, 2)",62980,0.96099853515625,0,0.0,2556,0.03900146484375
train,000000481101_7500,256,256,RGB,256,256,L,"(0, 2)",56041,0.8551177978515625,0,0.0,9495,0.1448822021484375
train,000000481212_908,256,256,RGB,256,256,L,"(0, 1)",60905,0.9293365478515625,4631,0.0706634521484375,0,0.0
train,000000481212_908_1,256,256,RGB,256,256,L,"(0, 2)",56952,0.8690185546875,0,0.0,8584,0.1309814453125
train,000000486777_3821,256,256,RGB,256,256,L,"(0, 1)",59429,0.9068145751953125,6107,0.0931854248046875,0,0.0
train,000000487851_5050,256,256,RGB,256,256,L,"(0, 1)",61921,0.9448394775390625,3615,0.0551605224609375,0,0.0
train,000000492683_2281,256,256,RGB,256,256,L,"(0, 2)",62540,0.95428466796875,0,0.0,2996,0.04571533203125
train,000000494678_5439,256,256,RGB,256,256,L,"(0, 2)",58568,0.8936767578125,0,0.0,6968,0.1063232421875
train,000000495637_6216,256,256,RGB,256,256,L,"(0, 2)",54597,0.8330841064453125,0,0.0,10939,0.1669158935546875
train,000000496657_3062,256,256,RGB,256,256,L,"(0, 1)",64858,0.989654541015625,678,0.010345458984375,0,0.0
train,000000500100_706,256,256,RGB,256,256,L,"(0, 2)",57429,0.8762969970703125,0,0.0,8107,0.1237030029296875
train,000000504058_4906,256,256,RGB,256,256,L,"(0, 1)",53826,0.821319580078125,11710,0.178680419921875,0,0.0
train,000000506401_447,256,256,RGB,256,256,L,"(0, 1)",62474,0.953277587890625,3062,0.046722412109375,0,0.0
train,000000509018_7223,256,256,RGB,256,256,L,"(0, 1)",54620,0.83343505859375,10916,0.16656494140625,0,0.0
train,000000512068_4624,256,256,RGB,256,256,L,"(0, 1)",50395,0.7689666748046875,15141,0.2310333251953125,0,0.0
train,000000516146_7237,256,256,RGB,256,256,L,"(0, 2)",58215,0.8882904052734375,0,0.0,7321,0.1117095947265625
train,000000516212_1440,256,256,RGB,256,256,L,"(0, 1)",55319,0.8441009521484375,10217,0.1558990478515625,0,0.0
train,000000521112_6427,256,256,RGB,256,256,L,"(0, 2)",54940,0.83831787109375,0,0.0,10596,0.16168212890625
train,000000531096_2391,256,256,RGB,256,256,L,"(0, 2)",53093,0.8101348876953125,0,0.0,12443,0.1898651123046875
train,000000533026_799,256,256,RGB,256,256,L,"(0, 1)",62249,0.9498443603515625,3287,0.0501556396484375,0,0.0
train,000000536400_813,256,256,RGB,256,256,L,"(0, 2)",54967,0.8387298583984375,0,0.0,10569,0.1612701416015625
train,000000546642_283,256,256,RGB,256,256,L,"(0, 2)",62000,0.946044921875,0,0.0,3536,0.053955078125
train,000000546703_5948,256,256,RGB,256,256,L,"(0, 2)",63993,0.9764556884765625,0,0.0,1543,0.0235443115234375
train,000000546800_4379,256,256,RGB,256,256,L,"(0, 1)",60438,0.922210693359375,5098,0.077789306640625,0,0.0
train,000000549886_7436,256,256,RGB,256,256,L,"(0, 2)",63988,0.97637939453125,0,0.0,1548,0.02362060546875
train,000000562835_2386,256,256,RGB,256,256,L,"(0, 2)",61127,0.9327239990234375,0,0.0,4409,0.0672760009765625
train,000000562999_3786,256,256,RGB,256,256,L,"(0, 1)",57573,0.8784942626953125,7963,0.1215057373046875,0,0.0
train,000000572825_375,256,256,RGB,256,256,L,"(0, 2)",60374,0.921234130859375,0,0.0,5162,0.078765869140625
train,000000574769_0,256,256,RGB,256,256,L,"(0, 1)",65484,0.99920654296875,52,0.00079345703125,0,0.0
train,000000575005_3321,256,256,RGB,256,256,L,"(0, 2)",59622,0.909759521484375,0,0.0,5914,0.090240478515625
train,000000575882_794,256,256,RGB,256,256,L,"(0, 1)",63198,0.964324951171875,2338,0.035675048828125,0,0.0
train,000000576855_2826,256,256,RGB,256,256,L,"(0, 2)",64248,0.9803466796875,0,0.0,1288,0.0196533203125
train,000000579822_1485,256,256,RGB,256,256,L,"(0, 2)",64334,0.981658935546875,0,0.0,1202,0.018341064453125
val,000000000307_5917,256,256,RGB,256,256,L,"(0, 2)",45917,0.7006378173828125,0,0.0,19619,0.2993621826171875
val,000000004963_4650,256,256,RGB,256,256,L,"(0, 1)",58806,0.897308349609375,6730,0.102691650390625,0,0.0
val,000000005946_3690,256,256,RGB,256,256,L,"(0, 2)",57585,0.8786773681640625,0,0.0,7951,0.1213226318359375
val,000000009801_524,256,256,RGB,256,256,L,"(0, 1)",60003,0.9155731201171875,5533,0.0844268798828125,0,0.0
val,000000010948_3065,256,256,RGB,256,256,L,"(0, 1)",63952,0.975830078125,1584,0.024169921875,0,0.0
val,000000013636_5081,256,256,RGB,256,256,L,"(0, 1)",50031,0.7634124755859375,15505,0.2365875244140625,0,0.0
val,000000015474_7797,256,256,RGB,256,256,L,"(0, 1)",57884,0.88323974609375,7652,0.11676025390625,0,0.0
val,000000016377_1566,256,256,RGB,256,256,L,"(0, 2)",55583,0.8481292724609375,0,0.0,9953,0.1518707275390625
val,000000018473_2752,256,256,RGB,256,256,L,"(0, 2)",60407,0.9217376708984375,0,0.0,5129,0.0782623291015625
val,000000021571_4109,256,256,RGB,256,256,L,"(0, 2)",64091,0.9779510498046875,0,0.0,1445,0.0220489501953125
val,000000023656_1700,256,256,RGB,256,256,L,"(0, 1)",61483,0.9381561279296875,4053,0.0618438720703125,0,0.0
val,000000026310_3053,256,256,RGB,256,256,L,"(0, 2)",61810,0.943145751953125,0,0.0,3726,0.056854248046875
val,000000029602_5237,256,256,RGB,256,256,L,"(0, 2)",62311,0.9507904052734375,0,0.0,3225,0.0492095947265625
val,000000031329_5757,256,256,RGB,256,256,L,"(0, 1)",59367,0.9058685302734375,6169,0.0941314697265625,0,0.0
val,000000032405_3377,256,256,RGB,256,256,L,"(0, 1)",59243,0.9039764404296875,6293,0.0960235595703125,0,0.0
val,000000032578_3089,256,256,RGB,256,256,L,"(0, 1)",52346,0.798736572265625,13190,0.201263427734375,0,0.0
val,000000032949_4995,256,256,RGB,256,256,L,"(0, 1)",56387,0.8603973388671875,9149,0.1396026611328125,0,0.0
val,000000037566_6519,256,256,RGB,256,256,L,"(0, 2)",55462,0.846282958984375,0,0.0,10074,0.153717041015625
val,000000037907_29,256,256,RGB,256,256,L,"(0, 1)",54965,0.8386993408203125,10571,0.1613006591796875,0,0.0
val,000000039016_6479,256,256,RGB,256,256,L,"(0, 2)",59946,0.914703369140625,0,0.0,5590,0.085296630859375
val,000000047386_3549,256,256,RGB,256,256,L,"(0, 2)",55165,0.8417510986328125,0,0.0,10371,0.1582489013671875
val,000000052629_6314,256,256,RGB,256,256,L,"(0, 2)",60780,0.92742919921875,0,0.0,4756,0.07257080078125
val,000000060769_3422,256,256,RGB,256,256,L,"(0, 1)",59816,0.9127197265625,5720,0.0872802734375,0,0.0
val,000000066253_5398,256,256,RGB,256,256,L,"(0, 1)",59724,0.91131591796875,5812,0.08868408203125,0,0.0
val,000000069616_6533,256,256,RGB,256,256,L,"(0, 1)",63259,0.9652557373046875,2277,0.0347442626953125,0,0.0
val,000000070033_2866,256,256,RGB,256,256,L,"(0, 1)",59048,0.9010009765625,6488,0.0989990234375,0,0.0
val,000000070714_6320,256,256,RGB,256,256,L,"(0, 1)",52475,0.8007049560546875,13061,0.1992950439453125,0,0.0
val,000000071122_5801,256,256,RGB,256,256,L,"(0, 2)",62437,0.9527130126953125,0,0.0,3099,0.0472869873046875
val,000000074583_515,256,256,RGB,256,256,L,"(0, 1)",59089,0.9016265869140625,6447,0.0983734130859375,0,0.0
val,000000079244_5821,256,256,RGB,256,256,L,"(0, 2)",63373,0.9669952392578125,0,0.0,2163,0.0330047607421875
val,000000079831_4621,256,256,RGB,256,256,L,"(0, 1)",44357,0.6768341064453125,21179,0.3231658935546875,0,0.0
val,000000082042_1793,256,256,RGB,256,256,L,"(0, 1)",57419,0.8761444091796875,8117,0.1238555908203125,0,0.0
val,000000082709_2063,256,256,RGB,256,256,L,"(0, 2)",60224,0.9189453125,0,0.0,5312,0.0810546875
val,000000085114_3341,256,256,RGB,256,256,L,"(0, 2)",58775,0.8968353271484375,0,0.0,6761,0.1031646728515625
val,000000096288_2235,256,256,RGB,256,256,L,"(0, 2)",59644,0.91009521484375,0,0.0,5892,0.08990478515625
val,000000097568_6468,256,256,RGB,256,256,L,"(0, 2)",56170,0.857086181640625,0,0.0,9366,0.142913818359375
val,000000098549_5887,256,256,RGB,256,256,L,"(0, 1)",56857,0.8675689697265625,8679,0.1324310302734375,0,0.0
val,000000099453_5467,256,256,RGB,256,256,L,"(0, 1)",55455,0.8461761474609375,10081,0.1538238525390625,0,0.0
val,000000100347_7456,256,256,RGB,256,256,L,"(0, 1)",59253,0.9041290283203125,6283,0.0958709716796875,0,0.0
val,000000100586_6818,256,256,RGB,256,256,L,"(0, 1)",56553,0.8629302978515625,8983,0.1370697021484375,0,0.0
val,000000102133_6660,256,256,RGB,256,256,L,"(0, 2)",59637,0.9099884033203125,0,0.0,5899,0.0900115966796875
val,000000102663_4028,256,256,RGB,256,256,L,"(0, 1)",51611,0.7875213623046875,13925,0.2124786376953125,0,0.0
val,000000104494_2037,256,256,RGB,256,256,L,"(0, 1)",59621,0.9097442626953125,5915,0.0902557373046875,0,0.0
val,000000108463_2513,256,256,RGB,256,256,L,"(0, 2)",54700,0.83465576171875,0,0.0,10836,0.16534423828125
val,000000108908_6126,256,256,RGB,256,256,L,"(0, 2)",58875,0.8983612060546875,0,0.0,6661,0.1016387939453125
val,000000109393_3389,256,256,RGB,256,256,L,"(0, 1)",58612,0.89434814453125,6924,0.10565185546875,0,0.0
val,000000113649_4251,256,256,RGB,256,256,L,"(0, 1)",60210,0.918731689453125,5326,0.081268310546875,0,0.0
val,000000116186_4696,256,256,RGB,256,256,L,"(0, 1)",59165,0.9027862548828125,6371,0.0972137451171875,0,0.0
val,000000117119_4953,256,256,RGB,256,256,L,"(0, 2)",62428,0.95257568359375,0,0.0,3108,0.04742431640625
val,000000117690_679,256,256,RGB,256,256,L,"(0, 2)",59103,0.9018402099609375,0,0.0,6433,0.0981597900390625
val,000000118997_4581,256,256,RGB,256,256,L,"(0, 1)",42008,0.6409912109375,23528,0.3590087890625,0,0.0
val,000000120747_1102,256,256,RGB,256,256,L,"(0, 1)",64651,0.9864959716796875,885,0.0135040283203125,0,0.0
val,000000121622_7227,256,256,RGB,256,256,L,"(0, 1)",61995,0.9459686279296875,3541,0.0540313720703125,0,0.0
val,000000121783_1137,256,256,RGB,256,256,L,"(0, 1)",54802,0.836212158203125,10734,0.163787841796875,0,0.0
val,000000122934_36,256,256,RGB,256,256,L,"(0, 2)",63683,0.9717254638671875,0,0.0,1853,0.0282745361328125
val,000000127659_841,256,256,RGB,256,256,L,"(0, 2)",65191,0.9947357177734375,0,0.0,345,0.0052642822265625
val,000000127781_1511,256,256,RGB,256,256,L,"(0, 1)",55987,0.8542938232421875,9549,0.1457061767578125,0,0.0
val,000000128405_2570,256,256,RGB,256,256,L,"(0, 1)",52474,0.800689697265625,13062,0.199310302734375,0,0.0
val,000000129026_5591,256,256,RGB,256,256,L,"(0, 2)",63408,0.967529296875,0,0.0,2128,0.032470703125
val,000000129864_998,256,256,RGB,256,256,L,"(0, 1)",54715,0.8348846435546875,10821,0.1651153564453125,0,0.0
val,000000138083_1366,256,256,RGB,256,256,L,"(0, 2)",63494,0.968841552734375,0,0.0,2042,0.031158447265625
val,000000141718_3573,256,256,RGB,256,256,L,"(0, 2)",56892,0.86810302734375,0,0.0,8644,0.13189697265625
val,000000141955_6226,256,256,RGB,256,256,L,"(0, 1)",52882,0.806915283203125,12654,0.193084716796875,0,0.0
val,000000144622_4774,256,256,RGB,256,256,L,"(0, 2)",58742,0.896331787109375,0,0.0,6794,0.103668212890625
val,000000144862_688,256,256,RGB,256,256,L,"(0, 2)",62312,0.9508056640625,0,0.0,3224,0.0491943359375
val,000000144961_4897,256,256,RGB,256,256,L,"(0, 2)",62073,0.9471588134765625,0,0.0,3463,0.0528411865234375
val,000000145312_744,256,256,RGB,256,256,L,"(0, 2)",58379,0.8907928466796875,0,0.0,7157,0.1092071533203125
val,000000145448_1357,256,256,RGB,256,256,L,"(0, 1)",53542,0.816986083984375,11994,0.183013916015625,0,0.0
val,000000145476_5011,256,256,RGB,256,256,L,"(0, 1)",50809,0.7752838134765625,14727,0.2247161865234375,0,0.0
val,000000145567_1079,256,256,RGB,256,256,L,"(0, 2)",64301,0.9811553955078125,0,0.0,1235,0.0188446044921875
val,000000145912_5633,256,256,RGB,256,256,L,"(0, 2)",60247,0.9192962646484375,0,0.0,5289,0.0807037353515625
val,000000152299_3788,256,256,RGB,256,256,L,"(0, 2)",57499,0.8773651123046875,0,0.0,8037,0.1226348876953125
val,000000153824_5224,256,256,RGB,256,256,L,"(0, 1)",56348,0.85980224609375,9188,0.14019775390625,0,0.0
val,000000157806_7276,256,256,RGB,256,256,L,"(0, 2)",62568,0.9547119140625,0,0.0,2968,0.0452880859375
val,000000162396_4603,256,256,RGB,256,256,L,"(0, 2)",61013,0.9309844970703125,0,0.0,4523,0.0690155029296875
val,000000166049_5725,256,256,RGB,256,256,L,"(0, 2)",60954,0.930084228515625,0,0.0,4582,0.069915771484375
val,000000173019_2644,256,256,RGB,256,256,L,"(0, 2)",62061,0.9469757080078125,0,0.0,3475,0.0530242919921875
val,000000174871_523,256,256,RGB,256,256,L,"(0, 1)",55773,0.8510284423828125,9763,0.1489715576171875,0,0.0
val,000000175421_3853,256,256,RGB,256,256,L,"(0, 1)",61147,0.9330291748046875,4389,0.0669708251953125,0,0.0
val,000000176089_3668,256,256,RGB,256,256,L,"(0, 1)",58388,0.89093017578125,7148,0.10906982421875,0,0.0
val,000000178692_4197,256,256,RGB,256,256,L,"(0, 1)",51829,0.7908477783203125,13707,0.2091522216796875,0,0.0
val,000000178948_697,256,256,RGB,256,256,L,"(0, 2)",63100,0.96282958984375,0,0.0,2436,0.03717041015625
val,000000179964_3347,256,256,RGB,256,256,L,"(0, 2)",58750,0.896453857421875,0,0.0,6786,0.103546142578125
val,000000181894_5773,256,256,RGB,256,256,L,"(0, 2)",58245,0.8887481689453125,0,0.0,7291,0.1112518310546875
val,000000181949_7716,256,256,RGB,256,256,L,"(0, 1)",58069,0.8860626220703125,7467,0.1139373779296875,0,0.0
val,000000182683_1457,256,256,RGB,256,256,L,"(0, 1)",52877,0.8068389892578125,12659,0.1931610107421875,0,0.0
val,000000183626_5557,256,256,RGB,256,256,L,"(0, 1)",56845,0.8673858642578125,8691,0.1326141357421875,0,0.0
val,000000184606_667,256,256,RGB,256,256,L,"(0, 2)",61311,0.9355316162109375,0,0.0,4225,0.0644683837890625
val,000000189027_7405,256,256,RGB,256,256,L,"(0, 2)",54999,0.8392181396484375,0,0.0,10537,0.1607818603515625
val,000000189129_4539,256,256,RGB,256,256,L,"(0, 2)",64689,0.9870758056640625,0,0.0,847,0.0129241943359375
val,000000191280_2005,256,256,RGB,256,256,L,"(0, 2)",62958,0.960662841796875,0,0.0,2578,0.039337158203125
val,000000194605_3276,256,256,RGB,256,256,L,"(0, 2)",63350,0.966644287109375,0,0.0,2186,0.033355712890625
val,000000197097_227,256,256,RGB,256,256,L,"(0, 2)",54879,0.8373870849609375,0,0.0,10657,0.1626129150390625
val,000000198176_1617,256,256,RGB,256,256,L,"(0, 2)",63762,0.972930908203125,0,0.0,1774,0.027069091796875
val,000000198947_3857,256,256,RGB,256,256,L,"(0, 2)",60853,0.9285430908203125,0,0.0,4683,0.0714569091796875
val,000000201918_540,256,256,RGB,256,256,L,"(0, 1)",52165,0.7959747314453125,13371,0.2040252685546875,0,0.0
val,000000202554_3911,256,256,RGB,256,256,L,"(0, 1)",60762,0.927154541015625,4774,0.072845458984375,0,0.0
val,000000203926_3711,256,256,RGB,256,256,L,"(0, 2)",64418,0.982940673828125,0,0.0,1118,0.017059326171875
val,000000205531_1477,256,256,RGB,256,256,L,"(0, 2)",63623,0.9708099365234375,0,0.0,1913,0.0291900634765625
val,000000205866_1789,256,256,RGB,256,256,L,"(0, 2)",65203,0.9949188232421875,0,0.0,333,0.0050811767578125
val,000000206542_6754,256,256,RGB,256,256,L,"(0, 1)",61131,0.9327850341796875,4405,0.0672149658203125,0,0.0
val,000000209731_4128,256,256,RGB,256,256,L,"(0, 2)",60047,0.9162445068359375,0,0.0,5489,0.0837554931640625
val,000000210012_62,256,256,RGB,256,256,L,"(0, 2)",63100,0.96282958984375,0,0.0,2436,0.03717041015625
val,000000220118_1480,256,256,RGB,256,256,L,"(0, 2)",58616,0.8944091796875,0,0.0,6920,0.1055908203125
val,000000222026_5120,256,256,RGB,256,256,L,"(0, 2)",48187,0.7352752685546875,0,0.0,17349,0.2647247314453125
val,000000222228_1663,256,256,RGB,256,256,L,"(0, 1)",56303,0.8591156005859375,9233,0.1408843994140625,0,0.0
val,000000226974_6471,256,256,RGB,256,256,L,"(0, 1)",59454,0.907196044921875,6082,0.092803955078125,0,0.0
val,000000227947_4987,256,256,RGB,256,256,L,"(0, 2)",52635,0.8031463623046875,0,0.0,12901,0.1968536376953125
val,000000229228_3616,256,256,RGB,256,256,L,"(0, 1)",57994,0.884918212890625,7542,0.115081787109375,0,0.0
val,000000231374_5225,256,256,RGB,256,256,L,"(0, 1)",59242,0.903961181640625,6294,0.096038818359375,0,0.0
val,000000232182_6942,256,256,RGB,256,256,L,"(0, 2)",60330,0.920562744140625,0,0.0,5206,0.079437255859375
val,000000237303_5987,256,256,RGB,256,256,L,"(0, 2)",63496,0.9688720703125,0,0.0,2040,0.0311279296875
val,000000239243_4878,256,256,RGB,256,256,L,"(0, 2)",59025,0.9006500244140625,0,0.0,6511,0.0993499755859375
val,000000244712_7428,256,256,RGB,256,256,L,"(0, 1)",59909,0.9141387939453125,5627,0.0858612060546875,0,0.0
val,000000250400_6034,256,256,RGB,256,256,L,"(0, 1)",60683,0.9259490966796875,4853,0.0740509033203125,0,0.0
val,000000253665_193,256,256,RGB,256,256,L,"(0, 1)",50221,0.7663116455078125,15315,0.2336883544921875,0,0.0
val,000000254392_161,256,256,RGB,256,256,L,"(0, 1)",50449,0.7697906494140625,15087,0.2302093505859375,0,0.0
val,000000256481_1078,256,256,RGB,256,256,L,"(0, 1)",59329,0.9052886962890625,6207,0.0947113037109375,0,0.0
val,000000269511_2376,256,256,RGB,256,256,L,"(0, 1)",63314,0.966094970703125,2222,0.033905029296875,0,0.0
val,000000271680_150,256,256,RGB,256,256,L,"(0, 1)",63652,0.97125244140625,1884,0.02874755859375,0,0.0
test,000000242526_4464,256,256,RGB,256,256,L,"(0, 2)",63389,0.9672393798828125,0,0.0,2147,0.0327606201171875
test,000000251623_4307,256,256,RGB,256,256,L,"(0, 2)",55407,0.8454437255859375,0,0.0,10129,0.1545562744140625
test,000000255440_7112,256,256,RGB,256,256,L,"(0, 2)",59075,0.9014129638671875,0,0.0,6461,0.0985870361328125
test,000000256577_1983,256,256,RGB,256,256,L,"(0, 2)",56756,0.86602783203125,0,0.0,8780,0.13397216796875
test,000000258129_3143,256,256,RGB,256,256,L,"(0, 2)",60461,0.9225616455078125,0,0.0,5075,0.0774383544921875
test,000000260738_2306,256,256,RGB,256,256,L,"(0, 2)",61187,0.9336395263671875,0,0.0,4349,0.0663604736328125
test,000000261977_7804,256,256,RGB,256,256,L,"(0, 2)",63367,0.9669036865234375,0,0.0,2169,0.0330963134765625
test,000000263377_3285,256,256,RGB,256,256,L,"(0, 2)",64267,0.9806365966796875,0,0.0,1269,0.0193634033203125
test,000000270785_126,256,256,RGB,256,256,L,"(0, 2)",62391,0.9520111083984375,0,0.0,3145,0.0479888916015625
test,000000272153_1436,256,256,RGB,256,256,L,"(0, 2)",60030,0.915985107421875,0,0.0,5506,0.084014892578125
test,000000279582_4123,256,256,RGB,256,256,L,"(0, 1)",61250,0.934600830078125,4286,0.065399169921875,0,0.0
test,000000282137_4359,256,256,RGB,256,256,L,"(0, 1)",51139,0.7803192138671875,14397,0.2196807861328125,0,0.0
test,000000282674_160,256,256,RGB,256,256,L,"(0, 2)",59166,0.902801513671875,0,0.0,6370,0.097198486328125
test,000000284148_7566,256,256,RGB,256,256,L,"(0, 1)",57010,0.869903564453125,8526,0.130096435546875,0,0.0
test,000000284884_6459,256,256,RGB,256,256,L,"(0, 1)",63995,0.9764862060546875,1541,0.0235137939453125,0,0.0
test,000000287567_4976,256,256,RGB,256,256,L,"(0, 2)",51328,0.783203125,0,0.0,14208,0.216796875
test,000000288724_3875,256,256,RGB,256,256,L,"(0, 1)",60906,0.929351806640625,4630,0.070648193359375,0,0.0
test,000000293554_45,256,256,RGB,256,256,L,"(0, 2)",60825,0.9281158447265625,0,0.0,4711,0.0718841552734375
test,000000296676_1149,256,256,RGB,256,256,L,"(0, 2)",60618,0.924957275390625,0,0.0,4918,0.075042724609375
test,000000298360_4204,256,256,RGB,256,256,L,"(0, 2)",59979,0.9152069091796875,0,0.0,5557,0.0847930908203125
test,000000302249_5937,256,256,RGB,256,256,L,"(0, 1)",58825,0.8975982666015625,6711,0.1024017333984375,0,0.0
test,000000303543_1791,256,256,RGB,256,256,L,"(0, 2)",62501,0.9536895751953125,0,0.0,3035,0.0463104248046875
test,000000306630_7423,256,256,RGB,256,256,L,"(0, 1)",58794,0.897125244140625,6742,0.102874755859375,0,0.0
test,000000308083_5809,256,256,RGB,256,256,L,"(0, 2)",56245,0.8582305908203125,0,0.0,9291,0.1417694091796875
test,000000309044_1768,256,256,RGB,256,256,L,"(0, 1)",61778,0.942657470703125,3758,0.057342529296875,0,0.0
test,000000315467_1972,256,256,RGB,256,256,L,"(0, 1)",60671,0.9257659912109375,4865,0.0742340087890625,0,0.0
test,000000322321_6994,256,256,RGB,256,256,L,"(0, 1)",61528,0.9388427734375,4008,0.0611572265625,0,0.0
test,000000324772_4097,256,256,RGB,256,256,L,"(0, 2)",57811,0.8821258544921875,0,0.0,7725,0.1178741455078125
test,000000326968_748,256,256,RGB,256,256,L,"(0, 2)",56702,0.865203857421875,0,0.0,8834,0.134796142578125
test,000000329012_2878,256,256,RGB,256,256,L,"(0, 2)",57891,0.8833465576171875,0,0.0,7645,0.1166534423828125
test,000000336372_1307,256,256,RGB,256,256,L,"(0, 1)",63437,0.9679718017578125,2099,0.0320281982421875,0,0.0
test,000000347113_140,256,256,RGB,256,256,L,"(0, 1)",62537,0.9542388916015625,2999,0.0457611083984375,0,0.0
test,000000348902_2568,256,256,RGB,256,256,L,"(0, 1)",63266,0.965362548828125,2270,0.034637451171875,0,0.0
test,000000352558_5800,256,256,RGB,256,256,L,"(0, 2)",57848,0.8826904296875,0,0.0,7688,0.1173095703125
test,000000355603_7766,256,256,RGB,256,256,L,"(0, 2)",58176,0.8876953125,0,0.0,7360,0.1123046875
test,000000357542_1234,256,256,RGB,256,256,L,"(0, 2)",56376,0.8602294921875,0,0.0,9160,0.1397705078125
test,000000358545_4807,256,256,RGB,256,256,L,"(0, 2)",59226,0.903717041015625,0,0.0,6310,0.096282958984375
test,000000358625_2898,256,256,RGB,256,256,L,"(0, 2)",63955,0.9758758544921875,0,0.0,1581,0.0241241455078125
test,000000360510_2140,256,256,RGB,256,256,L,"(0, 1)",60628,0.92510986328125,4908,0.07489013671875,0,0.0
test,000000364167_7048,256,256,RGB,256,256,L,"(0, 1)",60948,0.92999267578125,4588,0.07000732421875,0,0.0
test,000000364566_4776,256,256,RGB,256,256,L,"(0, 1)",50606,0.772186279296875,14930,0.227813720703125,0,0.0
test,000000366787_5428,256,256,RGB,256,256,L,"(0, 1)",57753,0.8812408447265625,7783,0.1187591552734375,0,0.0
test,000000369547_1504,256,256,RGB,256,256,L,"(0, 2)",53650,0.818634033203125,0,0.0,11886,0.181365966796875
test,000000374990_1801,256,256,RGB,256,256,L,"(0, 2)",56804,0.86676025390625,0,0.0,8732,0.13323974609375
test,000000376247_1815,256,256,RGB,256,256,L,"(0, 2)",60562,0.924102783203125,0,0.0,4974,0.075897216796875
test,000000376362_2504,256,256,RGB,256,256,L,"(0, 2)",60470,0.922698974609375,0,0.0,5066,0.077301025390625
test,000000377867_295,256,256,RGB,256,256,L,"(0, 1)",64474,0.983795166015625,1062,0.016204833984375,0,0.0
test,000000380117_1580,256,256,RGB,256,256,L,"(0, 1)",54835,0.8367156982421875,10701,0.1632843017578125,0,0.0
test,000000381789_3571,256,256,RGB,256,256,L,"(0, 2)",56930,0.868682861328125,0,0.0,8606,0.131317138671875
test,000000384935_7747,256,256,RGB,256,256,L,"(0, 2)",61889,0.9443511962890625,0,0.0,3647,0.0556488037109375
test,000000385912_1140,256,256,RGB,256,256,L,"(0, 2)",58192,0.887939453125,0,0.0,7344,0.112060546875
test,000000386165_2135,256,256,RGB,256,256,L,"(0, 2)",62438,0.952728271484375,0,0.0,3098,0.047271728515625
test,000000386968_641,256,256,RGB,256,256,L,"(0, 2)",55190,0.842132568359375,0,0.0,10346,0.157867431640625
test,000000388829_2089,256,256,RGB,256,256,L,"(0, 2)",56682,0.864898681640625,0,0.0,8854,0.135101318359375
test,000000389463_7315,256,256,RGB,256,256,L,"(0, 1)",57394,0.875762939453125,8142,0.124237060546875,0,0.0
test,000000393412_3537,256,256,RGB,256,256,L,"(0, 1)",64988,0.99163818359375,548,0.00836181640625,0,0.0
test,000000394036_7354,256,256,RGB,256,256,L,"(0, 1)",55610,0.848541259765625,9926,0.151458740234375,0,0.0
test,000000394210_6912,256,256,RGB,256,256,L,"(0, 1)",58116,0.88677978515625,7420,0.11322021484375,0,0.0
test,000000394682_5335,256,256,RGB,256,256,L,"(0, 2)",57120,0.87158203125,0,0.0,8416,0.12841796875
test,000000395290_2371,256,256,RGB,256,256,L,"(0, 1)",56328,0.8594970703125,9208,0.1405029296875,0,0.0
test,000000398440_2108,256,256,RGB,256,256,L,"(0, 2)",60110,0.917205810546875,0,0.0,5426,0.082794189453125
test,000000405581_7321,256,256,RGB,256,256,L,"(0, 1)",56365,0.8600616455078125,9171,0.1399383544921875,0,0.0
test,000000406211_2388,256,256,RGB,256,256,L,"(0, 1)",52854,0.806488037109375,12682,0.193511962890625,0,0.0
test,000000406422_6565,256,256,RGB,256,256,L,"(0, 1)",57727,0.8808441162109375,7809,0.1191558837890625,0,0.0
test,000000408008_1937,256,256,RGB,256,256,L,"(0, 2)",56077,0.8556671142578125,0,0.0,9459,0.1443328857421875
test,000000411065_1522,256,256,RGB,256,256,L,"(0, 1)",61645,0.9406280517578125,3891,0.0593719482421875,0,0.0
test,000000412681_4015,256,256,RGB,256,256,L,"(0, 1)",57659,0.8798065185546875,7877,0.1201934814453125,0,0.0
test,000000414495_3471,256,256,RGB,256,256,L,"(0, 1)",57358,0.875213623046875,8178,0.124786376953125,0,0.0
test,000000415604_7522,256,256,RGB,256,256,L,"(0, 1)",55190,0.842132568359375,10346,0.157867431640625,0,0.0
test,000000424138_4714,256,256,RGB,256,256,L,"(0, 2)",64036,0.97711181640625,0,0.0,1500,0.02288818359375
test,000000424858_6664,256,256,RGB,256,256,L,"(0, 1)",54561,0.8325347900390625,10975,0.1674652099609375,0,0.0
test,000000427133_1442,256,256,RGB,256,256,L,"(0, 2)",60682,0.925933837890625,0,0.0,4854,0.074066162109375
test,000000436199_2935,256,256,RGB,256,256,L,"(0, 1)",63492,0.96881103515625,2044,0.03118896484375,0,0.0
test,000000436539_4321,256,256,RGB,256,256,L,"(0, 2)",61110,0.932464599609375,0,0.0,4426,0.067535400390625
test,000000437102_5532,256,256,RGB,256,256,L,"(0, 1)",60985,0.9305572509765625,4551,0.0694427490234375,0,0.0
test,000000437537_2563,256,256,RGB,256,256,L,"(0, 1)",50789,0.7749786376953125,14747,0.2250213623046875,0,0.0
test,000000443499_491,256,256,RGB,256,256,L,"(0, 1)",62407,0.9522552490234375,3129,0.0477447509765625,0,0.0
test,000000445187_3686,256,256,RGB,256,256,L,"(0, 1)",60946,0.929962158203125,4590,0.070037841796875,0,0.0
test,000000446604_4215,256,256,RGB,256,256,L,"(0, 1)",55427,0.8457489013671875,10109,0.1542510986328125,0,0.0
test,000000456950_5010,256,256,RGB,256,256,L,"(0, 1)",53171,0.8113250732421875,12365,0.1886749267578125,0,0.0
test,000000463611_1530,256,256,RGB,256,256,L,"(0, 1)",52629,0.8030548095703125,12907,0.1969451904296875,0,0.0
test,000000465591_1888,256,256,RGB,256,256,L,"(0, 1)",50481,0.7702789306640625,15055,0.2297210693359375,0,0.0
test,000000469902_5228,256,256,RGB,256,256,L,"(0, 1)",49650,0.757598876953125,15886,0.242401123046875,0,0.0
test,000000476276_4024,256,256,RGB,256,256,L,"(0, 1)",60121,0.9173736572265625,5415,0.0826263427734375,0,0.0
test,000000478287_3430,256,256,RGB,256,256,L,"(0, 1)",61184,0.93359375,4352,0.06640625,0,0.0
test,000000481749_4902,256,256,RGB,256,256,L,"(0, 2)",62048,0.94677734375,0,0.0,3488,0.05322265625
test,000000485148_1904,256,256,RGB,256,256,L,"(0, 1)",57971,0.8845672607421875,7565,0.1154327392578125,0,0.0
test,000000488689_3765,256,256,RGB,256,256,L,"(0, 2)",64466,0.983673095703125,0,0.0,1070,0.016326904296875
test,000000489944_1657,256,256,RGB,256,256,L,"(0, 2)",64168,0.9791259765625,0,0.0,1368,0.0208740234375
test,000000490490_5422,256,256,RGB,256,256,L,"(0, 1)",53359,0.8141937255859375,12177,0.1858062744140625,0,0.0
test,000000490508_6880,256,256,RGB,256,256,L,"(0, 2)",60203,0.9186248779296875,0,0.0,5333,0.0813751220703125
test,000000495159_4697,256,256,RGB,256,256,L,"(0, 1)",50713,0.7738189697265625,14823,0.2261810302734375,0,0.0
test,000000497010_7263,256,256,RGB,256,256,L,"(0, 1)",60746,0.926910400390625,4790,0.073089599609375,0,0.0
test,000000499662_6127,256,256,RGB,256,256,L,"(0, 2)",59709,0.9110870361328125,0,0.0,5827,0.0889129638671875
test,000000501788_1565,256,256,RGB,256,256,L,"(0, 1)",61551,0.9391937255859375,3985,0.0608062744140625,0,0.0
test,000000502680_4731,256,256,RGB,256,256,L,"(0, 2)",56237,0.8581085205078125,0,0.0,9299,0.1418914794921875
test,000000504194_204,256,256,RGB,256,256,L,"(0, 2)",57402,0.875885009765625,0,0.0,8134,0.124114990234375
test,000000508949_125,256,256,RGB,256,256,L,"(0, 2)",62288,0.950439453125,0,0.0,3248,0.049560546875
test,000000510402_4103,256,256,RGB,256,256,L,"(0, 2)",59276,0.90447998046875,0,0.0,6260,0.09552001953125
test,000000513703_3282,256,256,RGB,256,256,L,"(0, 2)",58590,0.894012451171875,0,0.0,6946,0.105987548828125
test,000000519850_4924,256,256,RGB,256,256,L,"(0, 2)",58109,0.8866729736328125,0,0.0,7427,0.1133270263671875
test,000000522225_5983,256,256,RGB,256,256,L,"(0, 2)",55487,0.8466644287109375,0,0.0,10049,0.1533355712890625
test,000000523473_2888,256,256,RGB,256,256,L,"(0, 2)",63809,0.9736480712890625,0,0.0,1727,0.0263519287109375
test,000000524420_2632,256,256,RGB,256,256,L,"(0, 2)",64615,0.9859466552734375,0,0.0,921,0.0140533447265625
test,000000531614_4831,256,256,RGB,256,256,L,"(0, 1)",64949,0.9910430908203125,587,0.0089569091796875,0,0.0
test,000000537213_6413,256,256,RGB,256,256,L,"(0, 1)",46545,0.7102203369140625,18991,0.2897796630859375,0,0.0
test,000000539198_2722,256,256,RGB,256,256,L,"(0, 1)",62325,0.9510040283203125,3211,0.0489959716796875,0,0.0
test,000000539233_6476,256,256,RGB,256,256,L,"(0, 1)",60364,0.92108154296875,5172,0.07891845703125,0,0.0
test,000000543836_507,256,256,RGB,256,256,L,"(0, 1)",53451,0.8155975341796875,12085,0.1844024658203125,0,0.0
test,000000546716_5134,256,256,RGB,256,256,L,"(0, 2)",61697,0.9414215087890625,0,0.0,3839,0.0585784912109375
test,000000546962_1095,256,256,RGB,256,256,L,"(0, 2)",57644,0.87957763671875,0,0.0,7892,0.12042236328125
test,000000553498_3289,256,256,RGB,256,256,L,"(0, 2)",62266,0.950103759765625,0,0.0,3270,0.049896240234375
test,000000553878_3723,256,256,RGB,256,256,L,"(0, 1)",60492,0.92303466796875,5044,0.07696533203125,0,0.0
test,000000556500_5818,256,256,RGB,256,256,L,"(0, 1)",51670,0.788421630859375,13866,0.211578369140625,0,0.0
test,000000561599_1128,256,256,RGB,256,256,L,"(0, 1)",47213,0.7204132080078125,18323,0.2795867919921875,0,0.0
test,000000563342_7436,256,256,RGB,256,256,L,"(0, 1)",59094,0.901702880859375,6442,0.098297119140625,0,0.0
test,000000566027_362,256,256,RGB,256,256,L,"(0, 2)",61279,0.9350433349609375,0,0.0,4257,0.0649566650390625
test,000000567049_6674,256,256,RGB,256,256,L,"(0, 1)",62180,0.94879150390625,3356,0.05120849609375,0,0.0
test,000000575615_3992,256,256,RGB,256,256,L,"(0, 2)",64524,0.98455810546875,0,0.0,1012,0.01544189453125
test,000000576589_5521,256,256,RGB,256,256,L,"(0, 1)",61403,0.9369354248046875,4133,0.0630645751953125,0,0.0
